id,name,aliases,pattern,primary_muscles,equipment,safe_swaps,caution_tags,reviewer_ok,reviewer_notes
nordic-hamstring-curl,Nordic hamstring curl,nordic;nordics;nordic ham curl,knee flexion (eccentric),hamstrings,bodyweight,hamstring-slider-curl;single-leg-romanian-deadlift,,,
copenhagen-adduction,Copenhagen adduction,copenhagen;copenhagen plank,lateral core and adductor,adductors,bench,adductor-ball-squeeze;side-plank,,,
adductor-ball-squeeze,Adductor ball squeeze,adductor squeeze;ball squeeze,adductor,adductors,ball,copenhagen-adduction;side-plank,,,
back-squat,Back squat,barbell back squat;barbell full squat;bb squat,squat,quadriceps;glutes,barbell,front-squat;goblet-squat;trap-bar-deadlift,,,
front-squat,Front squat,barbell front squat,squat,quadriceps;glutes,barbell,goblet-squat;back-squat,,,
goblet-squat,Goblet squat,kb goblet squat;dumbbell goblet squat,squat,quadriceps;glutes,dumbbell or kettlebell,front-squat;split-squat,,,
trap-bar-deadlift,Trap bar deadlift,hex bar deadlift;trap bar dl,hinge,glutes;hamstrings;quadriceps,trap bar,romanian-deadlift;kettlebell-swing,,,
romanian-deadlift,Romanian deadlift,rdl;barbell rdl,hinge,hamstrings;glutes,barbell,single-leg-romanian-deadlift;hip-thrust,,,
single-leg-romanian-deadlift,Single-leg Romanian deadlift,sl rdl;single leg rdl,hinge (unilateral),hamstrings;glutes,dumbbell,romanian-deadlift;glute-bridge,,,
rear-foot-elevated-split-squat,Rear-foot-elevated split squat,bulgarian split squat;rfess;bulgarian,squat (unilateral),quadriceps;glutes,dumbbell,split-squat;step-up,,,
split-squat,Split squat,static lunge;split squat dumbbell,squat (unilateral),quadriceps;glutes,dumbbell,reverse-lunge;step-up,,,
reverse-lunge,Reverse lunge,backward lunge,squat (unilateral),quadriceps;glutes,dumbbell,split-squat;step-up,,,
step-up,Step-up,box step-up;dumbbell step-up,squat (unilateral),quadriceps;glutes,box and dumbbell,split-squat;reverse-lunge,,,
lateral-lunge,Lateral lunge,side lunge,squat (frontal plane),adductors;glutes,dumbbell,cossack-squat,,,
cossack-squat,Cossack squat,cossack,squat (frontal plane),adductors;glutes,bodyweight,lateral-lunge,,,
hip-thrust,Hip thrust,barbell hip thrust;bb hip thrust,hip extension,glutes,barbell,glute-bridge,,,
glute-bridge,Glute bridge,bodyweight glute bridge,hip extension,glutes,bodyweight,hip-thrust,,,
hamstring-slider-curl,Hamstring slider curl,slider leg curl;swiss ball hamstring curl,knee flexion,hamstrings,sliders,nordic-hamstring-curl;glute-bridge,,,
calf-raise-straight-knee,Calf raise (straight knee),standing calf raise;calf raise,plantarflexion,gastrocnemius,dumbbell or machine,soleus-raise-bent-knee,,,
soleus-raise-bent-knee,Soleus raise (bent knee),seated calf raise;soleus raise,plantarflexion,soleus,machine or dumbbell,calf-raise-straight-knee,,,
pallof-press,Pallof press,anti-rotation press,core (anti-rotation),obliques,cable or band,dead-bug;side-plank,,,
dead-bug,Dead bug,,core (anti-extension),rectus abdominis,bodyweight,pallof-press;side-plank,,,
side-plank,Side plank,,core (lateral),obliques;glutes,bodyweight,pallof-press;copenhagen-adduction,,,
box-jump,Box jump,,jump (vertical),quadriceps;glutes,box,countermovement-jump;trap-bar-jump,,,
countermovement-jump,Countermovement jump,cmj;vertical jump,jump (vertical),quadriceps;glutes,bodyweight,box-jump,,,
broad-jump,Broad jump,standing long jump,jump (horizontal),glutes;hamstrings,bodyweight,box-jump,,,
pogo-hops,Pogo hops,ankle hops;pogos,reactive jump,calves,bodyweight,skipping-drills,,,
trap-bar-jump,Trap bar jump,hex bar jump,jump (loaded),glutes;quadriceps,trap bar,box-jump,,,
hang-power-clean,Hang power clean,hang clean;power clean from hang,triple extension,glutes;hamstrings;quadriceps,barbell,trap-bar-jump;kettlebell-swing,,,
kettlebell-swing,Kettlebell swing,kb swing;russian swing,hinge (power),glutes;hamstrings,kettlebell,hip-thrust;romanian-deadlift,,,
sled-push,Sled push,prowler push,push (acceleration),quadriceps;glutes,sled,sled-drag-backward,,,
sled-drag-backward,Sled drag (backward),backward sled drag;reverse sled drag,drag (knee dominant),quadriceps,sled,sled-push,,,
medicine-ball-slam,Medicine ball slam,med ball slam,power (full body),full body,medicine ball,medicine-ball-rotational-throw,,,
medicine-ball-rotational-throw,Medicine ball rotational throw,med ball rotational throw;rotational throw,power (rotation),obliques,medicine ball,medicine-ball-slam,,,
bench-press,Bench press,barbell bench press;bb bench,press (horizontal),pectorals;triceps,barbell,dumbbell-bench-press;push-up,,,
dumbbell-bench-press,Dumbbell bench press,db bench,press (horizontal),pectorals;triceps,dumbbell,push-up;bench-press,,,
push-up,Push-up,press-up;pushup,press (horizontal),pectorals;triceps,bodyweight,dumbbell-bench-press,,,
chin-up,Chin-up,pull-up;pullup;chinup,pull (vertical),latissimus dorsi;biceps,bodyweight,lat-pulldown,,,
lat-pulldown,Lat pulldown,,pull (vertical),latissimus dorsi,cable,chin-up,,,
single-arm-dumbbell-row,Single-arm dumbbell row,one-arm row;db row,pull (horizontal),latissimus dorsi;rhomboids,dumbbell,inverted-row,,,
inverted-row,Inverted row,body row;australian pull-up,pull (horizontal),latissimus dorsi;rhomboids,bodyweight,single-arm-dumbbell-row,,,
